Metric,ANN (Baseline),LSTM (Improved),Improvement
Architecture,Feedforward,LSTM/RNN,✓
Window Size,5 time steps,10 time steps,+100%
Training Storms,~10 storms,150 storms,+1400%
Hidden Layers,"[64, 32]","[128, 64] LSTM",✓
Total Parameters,"~3,000","~100,000+",>3000%
Optimizer,SGD,Adam,✓
Regularization,None,Dropout (0.3),✓
,,,
Mean Error (km),612.18,57.98,-90.5%
Median Error (km),580.45,48.39,-91.7%
Accuracy @ 100km (%),1.1,87.6,+7866%
Accuracy @ 200km (%),8.5,98.3,+1057%
Accuracy @ 300km (%),18.2,100.0,+449%
